{"apps":{"crm_form":{"assets":{"css":"forms.scss","js":{"site":["crmforms/crmform_render.js","datepicker.js"]},"css_rtl":"forms-rtl.scss"},"module":"CrmForms","version":"1.0.0"},"youtube":{"assets":{"js":{"site":["socialfeed/socialfeed_render.js"]}},"module":"Socialfeed","version":"1.0.0"},"server_entities_comments":{"serviceType":"ecommerce","assets":{"js":{"site":"serverEntitiesComments/serverEntitiesComments.js"}},"module":"server_entities_comments","version":"1.0.0"},"product_review":{"serviceType":"ecommerce","assets":{"js":{"site":"product_review/product_review.js"}},"module":"product_review","version":"1.0.0"},"recommendationengine":{"serviceType":"ecommerce","assets":{"css":"","js":{"site":"recommendationengine/recommendationengine.js"}},"module":"Recommendationengine","version":"1.0.0"},"blogs":{"assets":{"js":{}},"containerApp":true,"module":"blogs","version":"1.0.0"},"menu_app":{"assets":{"css":"menu/menuApp.scss","js":{"site":"menu/menu_site.js"},"css_rtl":"menu/menuApp-rtl.scss"},"module":"menu_app","version":"1.0.0"},"bigin_form":{"assets":{"css":"forms.scss","js":{"site":["crmforms/crmform_render.js","datepicker.js"]},"css_rtl":"forms-rtl.scss"},"module":"CrmForms","version":"1.0.0"},"instagram":{"assets":{"js":{"site":["socialfeed/socialfeed_render.js"]}},"module":"Socialfeed","version":"1.0.0"},"dcapp":{"assets":{"js":{"site":"dynamiccontent/dc_render.js"}},"module":"dcapp","version":"1.0.0"},"social_share":{"assets":{"css":"socialShare/socialShare.scss","js":{"site":"socialShare/socialShareSite.js"},"css_rtl":"socialShare/socialShare-rtl.scss"},"module":"socialShare","version":"1.0.0"},"datepicker_app":{"serviceType":"ecommerce","assets":{"css":"","js":{"site":"datepicker.js"}},"module":"","version":"1.0.0"},"product_coupons":{"serviceType":"ecommerce","assets":{"js":{"site":"product_coupons/product_coupons.js"}},"module":"product_coupons","version":"1.0.0"},"search_products":{"serviceType":"ecommerce","assets":{"js":{"site":"search_products/search_products.js"}},"module":"search_products","version":"1.0.0"},"creator_form":{"assets":{"css":"forms.scss","js":{"site":["forms/form_render.js","datepicker.js"]},"css_rtl":"forms-rtl.scss"},"module":"CreatorForms","version":"1.0.0"},"commentbox":{"assets":{"css":["commentbox/comment-box.scss","forms.scss"],"js":{"site":"commentbox/commentbox_site.js"}},"module":"CommentBox","version":"1.0.0"},"partnerapp":{"assets":{"js":{"site":["partnerapp/partner_render.js"]}},"module":"PartnerApp","version":"1.0.0"},"blogpost":{"assets":{"js":{}},"containerApp":true,"module":"blogpost","version":"1.0.0"},"blog_comments":{"assets":{"js":{"site":"blogComments/blogCommentsSite.js"}},"module":"blog_comments","version":"1.0.0"}}}